origin,destination,distance,origin_lat,origin_lon,dest_lat,dest_lon,season,day_of_week,hour,is_weekend,is_peak_hour,user_profile,user_age,user_income,price_sensitivity,time_priority,comfort_priority,transport_type,available_train,available_bus,available_flight,base_demand,seasonal_multiplier,weather_factor,special_event,actual_price,actual_time,user_satisfaction
Venezia,Milano,243.79776815348217,45.4408,12.3155,45.4642,9.19,winter,1,16,False,False,business,37,78513.0043436986,0.27860997170357477,0.95,0.895048133192093,bus,True,True,False,0.9053413431002019,0.85,0.9382982945323508,0,14.81,3.1,0.829
Roma,Reggio Calabria,500.0349871399832,41.9028,12.4964,38.1061,15.6444,summer,1,7,False,False,leisure,57,46135.23953046136,0.6048443513491655,0.18347927800538036,0.3026484129268356,bus,False,True,False,0.767909383700124,1.25,1.174677079042616,0,50.8,7.77,0.588
Venezia,Catania,911.5757951888478,45.4408,12.3155,37.5079,15.083,summer,5,15,True,False,leisure,45,21744.90041386959,0.6283482012467398,0.4435039338513984,0.37699761669860693,bus,False,True,False,1.4436704611894648,1.25,0.8668578483800418,1,149.23,12.88,0.111
Brescia,Milano,80.0956664659833,45.5416,10.2118,45.4642,9.19,summer,2,22,False,False,business,35,69093.94136838942,0.24305252924471182,0.8347488332864643,0.649460448972919,bus,False,True,False,1.9630768697946548,1.25,1.0933376202624565,0,13.87,1.48,0.948
Verona,Bologna,108.48538569355279,45.4384,10.9916,44.4949,11.3426,winter,6,14,True,False,budget,37,12906.387661033652,0.9367436660618897,0.13025196205109552,0.44334923690130157,bus,False,True,False,0.9010309544773853,0.85,1.1979865615779346,1,12.91,1.9,0.921
Bari,Salerno,183.31805359173563,41.1177,16.8719,40.6824,14.7681,winter,1,8,False,True,leisure,27,56389.03826139672,0.8532722096584388,0.22935095993070306,0.45881260303196564,bus,False,True,False,0.6277172009482094,0.85,0.9801388019345846,0,10.15,3.03,0.947
Firenze,Verona,186.7368694197564,43.7696,11.2558,45.4384,10.9916,summer,3,9,False,True,leisure,40,60596.17043324266,0.8509535356389734,0.2160823088534399,0.5686891130829853,bus,False,True,False,1.9725430197375127,1.25,1.0374628457782766,0,26.66,2.79,0.886
Palermo,Brescia,865.7844690882073,38.1157,13.3613,45.5416,10.2118,spring,6,6,True,False,budget,27,50749.64671171043,0.95,0.2648071994457728,0.2056850039264842,bus,False,True,False,1.0552790220360513,1.05,1.049813210462581,0,87.45,12.67,0.386
Roma,Genova,400.4015602913786,41.9028,12.4964,44.4056,8.9463,winter,3,6,False,False,leisure,44,58704.31806748925,0.8365469687311531,0.3957058110202509,0.5746313980462865,bus,False,True,False,0.6374462882489312,0.85,0.9287300834624156,0,20.11,4.97,0.753
Firenze,Salerno,448.7734526327139,43.7696,11.2558,40.6824,14.7681,summer,2,15,False,False,leisure,47,78714.64404222036,0.939410534896509,0.4820870125309386,0.5708559637733097,bus,False,True,False,0.9262893535322346,1.25,0.9369382505518595,1,55.28,5.83,0.637
Firenze,Palermo,653.0202356768729,43.7696,11.2558,38.1157,13.3613,spring,3,7,False,False,leisure,51,16827.183568897315,0.8353909310421884,0.4700395328319436,0.7442044122058493,bus,False,True,False,1.1722506369281989,1.05,1.1144475045681033,0,73.04,8.23,0.487
Salerno,Perugia,334.0688317641506,40.6824,14.7681,43.1107,12.3908,winter,1,9,False,True,leisure,25,75430.50156067345,0.7777311803328328,0.43195417068427266,0.6438237209486017,bus,False,True,False,0.6983132545709477,0.85,0.8717672036666189,0,16.11,4.9,0.83
Genova,Verona,197.77884609135177,44.4056,8.9463,45.4384,10.9916,autumn,5,6,True,False,business,36,65507.338147838294,0.1,0.946197686991014,0.670658784827097,bus,False,True,False,1.2327929551211554,0.95,1.027464130581498,0,17.92,2.36,0.865
Genova,Catania,923.4070866903812,44.4056,8.9463,37.5079,15.083,winter,4,13,False,False,business,35,60675.20346097052,0.29044664374732526,0.8761228873326528,0.9209146693415717,bus,False,True,False,0.5886546072687211,0.85,0.9500255793259138,1,57.34,10.23,0.092
Torino,Perugia,434.19012515419155,45.0703,7.6869,43.1107,12.3908,winter,4,11,False,False,business,32,74264.41862566014,0.34151448262515854,0.8286236733301555,0.95,bus,False,True,False,0.5721109772857583,0.85,0.9320379005320333,0,21.12,6.32,0.516
Cagliari,Salerno,507.77064634410397,39.2238,9.1217,40.6824,14.7681,spring,0,16,False,False,budget,27,10000.0,0.6308208134892554,0.24412673303384774,0.3928418591504546,bus,False,True,False,0.8257446413188478,1.05,0.9764640806640853,1,49.82,6.82,0.693
Palermo,Roma,427.493249833183,38.1157,13.3613,41.9028,12.4964,summer,1,17,False,True,budget,32,15763.891761253628,0.95,0.24436484792978205,0.3867342188062173,flight,False,False,True,2.1387310849435393,1.25,0.9815187062886208,0,193.8,3.43,0.12
Napoli,Torino,711.4934057926147,40.8518,14.2681,45.0703,7.6869,winter,5,12,True,False,budget,29,20295.140539414493,0.95,0.1,0.48972135231410996,bus,False,True,False,0.918500161116049,0.85,0.8576943990579688,0,49.6,9.91,0.626
Milano,Reggio Calabria,976.9015131518594,45.4642,9.19,38.1061,15.6444,summer,6,18,True,True,budget,32,21230.369829331714,0.95,0.12744373651133584,0.22965491618123202,bus,False,True,False,1.353973213290538,1.25,1.1029882729772025,0,145.51,17.53,0.157
Milano,Venezia,243.79776815348217,45.4642,9.19,45.4408,12.3155,autumn,4,10,False,False,business,47,86854.77783106109,0.17709966276870753,0.6715397901450092,0.7766189422955538,train,True,True,False,1.4662896517260087,0.95,0.8796464192966571,1,51.1,2.49,0.945
Catania,Cagliari,553.5077998658201,37.5079,15.083,39.2238,9.1217,winter,0,17,False,True,leisure,19,43585.93716782886,0.4152078043718875,0.4900423465894003,0.35693421459488156,bus,False,True,False,0.6808613604207363,0.85,1.0874112381929935,0,34.61,9.01,0.567
Cagliari,Perugia,511.44712768742437,39.2238,9.1217,43.1107,12.3908,winter,4,19,False,True,budget,25,43894.422331014415,0.95,0.38244735720504275,0.5349956598780474,bus,False,True,False,0.696880610869006,0.85,0.8622335072380642,0,23.06,7.99,0.723
Bologna,Pisa,114.07757628795046,44.4949,11.3426,43.7228,10.4017,autumn,2,14,False,False,leisure,38,34558.94190940694,0.5067079595506832,0.485595259570193,0.6510076315664873,bus,False,True,False,0.7376406379906629,0.95,1.0468219820711373,1,10.78,1.51,0.916
Perugia,Firenze,117.32395682129624,43.1107,12.3908,43.7696,11.2558,winter,4,21,False,False,leisure,25,29766.353230078694,0.7124033583619674,0.5324397047983614,0.5452235653389604,bus,False,True,False,1.0704518710199002,0.85,0.967244460590198,0,7.53,1.71,0.91
Torino,Genova,123.92488645320043,45.0703,7.6869,44.4056,8.9463,spring,1,18,False,True,leisure,41,40059.85436065743,0.753634991580783,0.21698713284072804,0.5655991603439472,bus,True,True,False,1.2796362277629132,1.05,0.8104467733643359,0,10.45,2.35,0.894
Pisa,Milano,216.09499076578254,43.7228,10.4017,45.4642,9.19,autumn,6,10,True,False,leisure,41,48954.28283421825,0.6836772390884717,0.25640197804575504,0.5762377675275779,bus,False,True,False,1.3964149210499703,0.95,0.8342283715796489,1,24.09,2.86,0.856
Venezia,Catania,911.5757951888478,45.4408,12.3155,37.5079,15.083,autumn,2,8,False,True,leisure,33,83647.42385738231,0.95,0.5569588928419976,0.7335298002638965,bus,False,True,False,0.9095804428567169,0.95,1.0082044873370393,0,60.25,16.0,0.475
Napoli,Bari,220.54328328614662,40.8518,14.2681,41.1177,16.8719,autumn,4,9,False,True,leisure,42,51357.28356404905,0.7807870685143402,0.7115007315375665,0.6672338095271778,bus,True,True,False,1.0367315466223253,0.95,1.183453235970054,0,21.23,4.42,0.859
Pisa,Roma,264.83980051455734,43.7228,10.4017,41.9028,12.4964,winter,5,6,True,False,leisure,25,55326.69550344025,0.8044143937536312,0.6314062488937562,0.6608828459630892,bus,False,True,False,1.2224272014055753,0.85,1.130963291943962,1,34.8,3.43,0.815
Genova,Cagliari,576.3727752586188,44.4056,8.9463,39.2238,9.1217,autumn,1,20,False,False,leisure,51,27255.38774028316,0.7824527647920319,0.27209567154055214,0.7083716729130103,bus,False,True,False,0.7322044178245293,0.95,0.8697929930163943,0,30.11,7.16,0.646
Pisa,Palermo,671.1188170854399,43.7228,10.4017,38.1157,13.3613,spring,6,8,True,True,budget,18,33759.86809491578,0.8627536232558972,0.11916158616561902,0.6830632145964672,bus,False,True,False,2.07124890112123,1.05,1.0581610157309007,0,115.46,12.09,0.254
Palermo,Venezia,819.0960162996257,38.1157,13.3613,45.4408,12.3155,spring,1,10,False,False,business,33,75550.28236936315,0.2591469129088428,0.7712817268863925,0.7609136767102209,bus,False,True,False,1.6321116297506044,1.05,1.156229920032275,0,111.12,13.24,0.138
Napoli,Pisa,450.53177102657014,40.8518,14.2681,43.7228,10.4017,spring,3,12,False,False,leisure,44,60732.16452503332,0.8580876836595689,0.3723537520646146,0.5994521256046,bus,False,True,False,1.056575099357758,1.05,1.047525762043056,1,51.48,5.63,0.625
Verona,Cagliari,707.863215604928,45.4384,10.9916,39.2238,9.1217,summer,4,22,False,False,business,36,34236.48249630372,0.1,0.95,0.8484115840582616,bus,False,True,False,1.1030138320160614,1.25,0.9489242237496276,0,76.99,7.73,0.308
Salerno,Reggio Calabria,296.1980587882089,40.6824,14.7681,38.1061,15.6444,winter,1,11,False,False,budget,24,40185.469974620704,0.8980380964703985,0.6107342816550916,0.18554658843262328,bus,False,True,False,0.38445054281257024,0.85,0.9938733015931829,0,13.48,3.94,0.851
Milano,Catania,1011.0699862116215,45.4642,9.19,37.5079,15.083,spring,5,15,True,False,budget,23,15695.747469784395,0.8488653651460639,0.15450730363674192,0.17095292034860576,bus,False,True,False,1.1436715675460296,1.05,1.110084875794213,0,126.71,15.27,0.19
Reggio Calabria,Torino,1017.6056008237674,38.1061,15.6444,45.0703,7.6869,autumn,3,10,False,False,budget,33,14254.41285641231,0.95,0.1,0.6952720205426052,bus,False,True,False,0.832671743044158,0.95,0.9142745527270197,0,65.86,12.37,0.5
Genova,Verona,197.77884609135177,44.4056,8.9463,45.4384,10.9916,autumn,0,17,False,True,business,42,77847.73983779665,0.23508497830101,0.95,0.5917325320879299,bus,False,True,False,1.2158366214762801,0.95,1.1573445028771745,1,24.53,4.01,0.688
Verona,Perugia,281.7710386926179,45.4384,10.9916,43.1107,12.3908,autumn,2,12,False,False,leisure,35,33135.175685406255,0.7492369936110188,0.46071014130892457,0.5853861201418188,bus,False,True,False,0.660029647584165,0.95,1.0373741523293,0,18.71,4.16,0.842
Milano,Verona,140.56002944654563,45.4642,9.19,45.4384,10.9916,autumn,4,19,False,True,leisure,54,51273.27330625069,0.8244345768008572,0.4154265744940831,0.6302572566490928,bus,False,True,False,1.0793394307950397,0.95,1.1897940408554413,1,15.88,2.73,0.874
Firenze,Venezia,203.883196592712,43.7696,11.2558,45.4408,12.3155,winter,5,6,True,False,business,26,104444.26461133316,0.30751988020676463,0.95,0.6799431892582011,bus,False,True,False,1.289725141821217,0.85,0.8317982502764307,0,15.71,3.09,0.831
Cagliari,Bari,691.0756209104828,39.2238,9.1217,41.1177,16.8719,summer,5,9,True,True,leisure,50,45985.886968069535,0.5290058245270007,0.36946785505890545,0.5013328092269327,bus,False,True,False,1.8551005209909355,1.25,0.9787238988649505,0,104.93,9.44,0.248
Bologna,Napoli,470.3508280863774,44.4949,11.3426,40.8518,14.2681,spring,3,18,False,True,leisure,20,58799.29979919728,0.9099495425769513,0.4539550906310555,0.7082126162913149,bus,False,True,False,1.7079767713498069,1.05,1.0476910248335318,0,51.29,6.93,0.584
Venezia,Reggio Calabria,860.8238011020906,45.4408,12.3155,38.1061,15.6444,summer,6,20,True,False,leisure,33,56533.1191005166,0.8227551822303653,0.14252983355789456,0.7179993474317062,bus,False,True,False,1.1947708453822359,1.25,0.8968605504329143,1,127.83,12.34,0.123
Venezia,Salerno,565.3081691477066,45.4408,12.3155,40.6824,14.7681,spring,3,9,False,True,leisure,64,43183.9974807678,0.6767239574716456,0.4908173583457904,0.7571326843446509,bus,False,True,False,0.9120373078823482,1.05,0.8145888876214271,1,48.17,9.37,0.537
Venezia,Firenze,203.883196592712,45.4408,12.3155,43.7696,11.2558,spring,4,18,False,True,budget,41,14941.272883842967,0.6682228401476968,0.2835692402287431,0.3340188126585022,bus,False,True,False,1.8963527851698263,1.05,0.8389741443511594,1,26.82,3.63,0.877
Brescia,Cagliari,708.1698769120402,45.5416,10.2118,39.2238,9.1217,summer,1,11,False,False,budget,18,39864.68782568324,0.669886078310223,0.17070978782750557,0.1,bus,False,True,False,1.1561908424673348,1.25,1.1796778016584182,0,95.67,10.65,0.339
Reggio Calabria,Genova,896.0841828577638,38.1061,15.6444,44.4056,8.9463,summer,2,13,False,False,budget,35,10000.0,0.95,0.5286892168343956,0.2247694664476272,bus,False,True,False,1.182479415607904,1.25,0.9638925807779067,0,101.13,12.27,0.345
Bologna,Genova,190.46438350917308,44.4949,11.3426,44.4056,8.9463,spring,3,20,False,False,business,41,50476.80869032425,0.6148276692281339,0.9122773713684145,0.6943635323004733,bus,False,True,False,0.9748360274105983,1.05,0.8888002979739581,0,13.06,2.82,0.801
Catania,Reggio Calabria,82.80663925047362,37.5079,15.083,38.1061,15.6444,winter,5,10,True,False,business,27,69764.42573456715,0.16938249262647398,0.7226314679474455,0.9459304940429568,bus,False,True,False,0.5393463848532503,0.85,0.8154554331354815,0,4.36,1.09,0.896
Bologna,Venezia,130.07793723339572,44.4949,11.3426,45.4408,12.3155,winter,5,8,True,True,leisure,43,26089.702789939834,0.7576106477923146,0.6210118238874146,0.579374215423756,bus,False,True,False,1.616457354104093,0.85,0.8305381926231462,0,10.58,2.34,0.921
Palermo,Brescia,865.7844690882073,38.1157,13.3613,45.5416,10.2118,summer,4,10,False,False,leisure,18,46336.25598560704,0.8877172013538246,0.3578315843196703,0.46545821771297746,bus,False,True,False,1.0530943868641718,1.25,1.1889737647180099,0,95.42,14.47,0.265
Pisa,Brescia,202.79863224408572,43.7228,10.4017,45.5416,10.2118,autumn,5,19,True,True,leisure,49,53151.1916102673,0.6384069377937787,0.21472852809606155,0.44254841197316586,bus,False,True,False,0.934541070004071,0.95,1.0700451607595787,0,19.16,3.71,0.865
Cagliari,Pisa,511.4869503559189,39.2238,9.1217,43.7228,10.4017,autumn,1,22,False,False,leisure,25,57773.89329539852,0.9423527884234366,0.29220566333769027,0.5286498064934573,bus,False,True,False,0.7751628705860125,0.95,1.0673327755061184,0,35.09,6.48,0.703
Perugia,Bologna,175.3995622249466,43.1107,12.3908,44.4949,11.3426,summer,0,19,False,True,business,18,43880.128168013536,0.4148356513894407,0.95,0.6062786273969372,bus,False,True,False,1.8106138533078584,1.25,0.9483070069926325,0,21.83,2.5,0.871
Genova,Perugia,311.826995976702,44.4056,8.9463,43.1107,12.3908,summer,4,12,False,False,leisure,23,56742.14360284602,0.7625413532533417,0.45604360198412874,0.5257974013237072,bus,False,True,False,1.0310762926037649,1.25,0.8519568048096441,0,27.4,3.86,0.79
Perugia,Brescia,321.07389287701164,43.1107,12.3908,45.5416,10.2118,summer,4,8,False,True,business,56,96491.97659522659,0.1,0.95,0.8049981523771719,bus,False,True,False,1.0656969094960114,1.25,1.1759031398174473,0,38.83,5.19,0.622
Bari,Genova,742.6896340653865,41.1177,16.8719,44.4056,8.9463,spring,0,11,False,False,budget,32,45931.56337519908,0.8674001387404369,0.314632515418267,0.38004128073098764,bus,False,True,False,0.8959085908225021,1.05,1.058574137130856,1,77.12,9.59,0.476
Milano,Genova,119.26364173374084,45.4642,9.19,44.4056,8.9463,summer,2,19,False,True,leisure,35,98446.64069591266,0.9153853690425338,0.1,0.8406333308183522,bus,True,True,False,1.425501198703595,1.25,0.9288824339906843,0,12.16,1.8,0.878
Salerno,Perugia,334.0688317641506,40.6824,14.7681,43.1107,12.3908,summer,6,19,True,True,leisure,50,63328.82597313428,0.5181656150940364,0.6078947951397119,0.6723908994342291,bus,False,True,False,1.7577590944863886,1.25,0.9932937928994984,0,56.09,5.75,0.656
Genova,Bologna,190.46438350917308,44.4056,8.9463,44.4949,11.3426,spring,0,7,False,False,leisure,27,50592.95668092051,0.9491536927476651,0.40807129543059917,0.6900149838954713,bus,False,True,False,1.1108199886886665,1.05,1.1801513334588105,0,18.84,3.08,0.859
Roma,Milano,476.88468435616534,41.9028,12.4964,45.4642,9.19,autumn,1,11,False,False,leisure,53,39631.58663320788,0.95,0.3196453216602958,0.5650279326658588,bus,False,True,False,1.1220051608470643,0.95,0.9332645693722812,0,37.4,6.29,0.712
Genova,Catania,923.4070866903812,44.4056,8.9463,37.5079,15.083,winter,1,11,False,False,leisure,49,68355.80922780192,0.8090393624444521,0.2219277363945083,0.4484925119640742,bus,False,True,False,0.559307698895216,0.85,1.0018548918579344,0,47.65,12.92,0.485
Roma,Perugia,134.59097229843186,41.9028,12.4964,43.1107,12.3908,winter,6,17,True,True,leisure,19,61656.11103183694,0.8491596590544936,0.46812058003243,0.445154971309071,train,True,True,False,0.9429393053223806,0.85,1.0489147582390275,0,19.11,1.89,0.862
Verona,Roma,411.32750621093555,45.4384,10.9916,41.9028,12.4964,spring,6,14,True,False,leisure,33,18849.99235173153,0.43680647239730314,0.15988991642682668,0.3933197813781202,bus,False,True,False,1.9637009547011068,1.05,0.962959519067948,0,53.7,6.01,0.651
Bologna,Torino,295.50471306375,44.4949,11.3426,45.0703,7.6869,summer,2,10,False,False,business,32,33599.384852669966,0.1548621703027801,0.6493320583680581,0.5284312799622963,bus,False,True,False,1.3841731652118563,1.25,1.007998028738416,0,35.19,4.05,0.719
Torino,Bologna,295.50471306375,45.0703,7.6869,44.4949,11.3426,summer,2,16,False,False,leisure,58,26084.4210172399,0.95,0.3349570802285429,0.6210183994866066,bus,False,True,False,1.4373372945512177,1.25,0.8454904279936791,0,27.98,3.36,0.799
Bologna,Roma,303.01342339044487,44.4949,11.3426,41.9028,12.4964,spring,3,16,False,False,leisure,35,51556.90801012928,0.95,0.48291268833637785,0.6854936906168929,bus,False,True,False,1.4684591963008513,1.05,0.8707539482719764,1,32.91,4.39,0.727
Bari,Catania,429.85625090593766,41.1177,16.8719,37.5079,15.083,winter,0,11,False,False,leisure,64,22899.84302171944,0.7554400992653588,0.27137986027831995,0.7614830583792227,bus,False,True,False,0.5652051677053732,0.85,1.1055187647349791,0,23.26,5.32,0.754
Cagliari,Brescia,708.1698769120402,39.2238,9.1217,45.5416,10.2118,spring,6,17,True,True,budget,27,41464.3073193816,0.6704541849032359,0.12339273199308269,0.273346192830194,bus,False,True,False,1.202299237015714,1.05,1.1848077224727938,0,85.77,14.54,0.42
Torino,Perugia,434.19012515419155,45.0703,7.6869,43.1107,12.3908,autumn,5,12,True,False,business,38,57547.478374655984,0.32844005737138127,0.95,0.8823620527872533,bus,False,True,False,0.8705598190866856,0.95,0.8979761060063213,1,41.77,6.21,0.538
Pisa,Cagliari,511.4869503559189,43.7228,10.4017,39.2238,9.1217,spring,2,6,False,False,budget,29,16757.33193806105,0.95,0.32851394540109513,0.15551756008586917,bus,False,True,False,0.8142803984368491,1.05,1.065724183916318,1,56.32,6.11,0.641
Brescia,Palermo,865.7844690882073,45.5416,10.2118,38.1157,13.3613,spring,1,13,False,False,budget,31,10000.0,0.8611890820998196,0.2511436533796067,0.4399659583991482,bus,False,True,False,1.2648205830425852,1.05,0.8936428357816962,0,71.79,11.42,0.516
Brescia,Bari,729.0395435734436,45.5416,10.2118,41.1177,16.8719,autumn,3,14,False,False,leisure,52,15238.773908108064,0.7446370046152104,0.6088747027421517,0.6818779192454063,bus,False,True,False,0.7946231036103701,0.95,1.1690849171919186,0,62.66,11.33,0.379
Genova,Salerno,631.2688648162354,44.4056,8.9463,40.6824,14.7681,winter,0,13,False,False,budget,29,33284.788558793414,0.95,0.2084726877658516,0.549145127339864,bus,False,True,False,0.5084954796455878,0.85,1.015368766005385,0,35.39,7.49,0.754
Cagliari,Napoli,473.9550694617332,39.2238,9.1217,40.8518,14.2681,spring,0,7,False,False,leisure,57,76980.59075122952,0.8440900710591869,0.56474377988271,0.5095663787540244,bus,False,True,False,1.3264383578788292,1.05,0.9784061418747818,0,44.7,5.24,0.721
Bari,Genova,742.6896340653865,41.1177,16.8719,44.4056,8.9463,autumn,4,22,False,False,leisure,39,69915.21799220155,0.6344770411656143,0.23997661327952988,0.46869718851254505,bus,False,True,False,0.7298791155011065,0.95,1.0129726196845035,0,53.44,9.66,0.428
Palermo,Salerno,309.93490636008715,38.1157,13.3613,40.6824,14.7681,spring,5,15,True,False,leisure,37,34150.600138582384,0.95,0.5199863050051228,0.885680768929732,bus,False,True,False,0.9665046070429228,1.05,1.0686259430027314,0,33.5,4.97,0.762
Torino,Napoli,711.4934057926147,45.0703,7.6869,40.8518,14.2681,summer,2,12,False,False,leisure,64,36666.242324775776,0.7564674713924688,0.40663501993092327,0.6546190664619905,bus,False,True,False,1.8000014277662728,1.25,1.1659519201280064,0,114.87,11.53,0.201
Catania,Roma,536.3805171300909,37.5079,15.083,41.9028,12.4964,summer,6,15,True,False,business,36,75164.03512535426,0.39619333595566464,0.8940830657168136,0.7357015091485324,flight,False,False,True,2.776601200938169,1.25,0.8064007173950729,1,385.49,2.82,0.739
Bologna,Napoli,470.3508280863774,44.4949,11.3426,40.8518,14.2681,summer,1,19,False,True,leisure,51,37584.09195461669,0.7783125838385206,0.4094203163825568,0.4590286099876141,bus,False,True,False,1.991461246888958,1.25,1.162281791610392,0,83.95,9.13,0.338
Cagliari,Bologna,614.2328335911224,39.2238,9.1217,44.4949,11.3426,spring,1,11,False,False,leisure,52,29536.088281692537,0.7664544662416768,0.3310424905635984,0.3682700418205089,bus,False,True,False,1.1722039121265144,1.05,1.0579052155200461,1,76.15,8.69,0.394
Cagliari,Reggio Calabria,579.6512961912498,39.2238,9.1217,38.1061,15.6444,winter,3,7,False,False,budget,24,23886.083364787526,0.7562518670288234,0.4005502128305529,0.44507705305547807,bus,False,True,False,0.4339437293314826,0.85,0.9136323043321005,1,36.73,7.21,0.672
Genova,Roma,400.4015602913786,44.4056,8.9463,41.9028,12.4964,spring,2,12,False,False,leisure,44,35807.54245443098,0.9055799623125352,0.6200190744020931,0.5485366698165259,bus,False,True,False,1.628656771850653,1.05,1.095729546062773,0,49.41,5.68,0.665
Genova,Roma,400.4015602913786,44.4056,8.9463,41.9028,12.4964,summer,5,16,True,False,business,32,58060.24706995735,0.1,0.7583416222259296,0.95,bus,False,True,False,2.7875014078171776,1.25,0.9508444439980914,0,90.82,4.6,0.565
Reggio Calabria,Perugia,620.4443506941549,38.1061,15.6444,43.1107,12.3908,summer,6,20,True,False,business,23,41169.025677274476,0.42481006589299797,0.95,0.7617254475994336,bus,False,True,False,1.479475899271667,1.25,0.9262112423812839,0,84.45,7.97,0.245
Firenze,Cagliari,535.7547782391368,43.7696,11.2558,39.2238,9.1217,spring,0,17,False,True,leisure,49,67433.82021562307,0.6918488545507905,0.24616155440818138,0.6513108084305018,bus,False,True,False,0.9726314599897635,1.05,0.8156133670229851,1,48.21,7.13,0.589
Napoli,Bologna,470.3508280863774,40.8518,14.2681,44.4949,11.3426,autumn,5,20,True,False,budget,38,77269.90401208361,0.8466447918560804,0.1,0.3187393773414093,bus,False,True,False,1.1291797763556202,0.95,1.0610467836619983,0,45.61,6.64,0.661
Roma,Brescia,444.2696356016952,41.9028,12.4964,45.5416,10.2118,spring,2,18,False,True,business,33,76016.17911820872,0.4155657317471797,0.95,0.5338002794249894,bus,False,True,False,0.9875083433457241,1.05,1.1396824900259876,0,41.22,7.67,0.375
Perugia,Roma,134.59097229843186,43.1107,12.3908,41.9028,12.4964,winter,2,13,False,False,leisure,40,58648.04277879221,0.9214098353866483,0.454970076866473,0.5098957817448588,train,True,True,False,0.914190167053877,0.85,0.812953544971427,0,13.15,1.47,0.943
Napoli,Roma,188.4343711022584,40.8518,14.2681,41.9028,12.4964,summer,3,17,False,True,leisure,39,40249.33204527103,0.7328239342565418,0.1,0.43740844244201527,bus,True,True,False,2.493441164568404,1.25,0.8007185964476047,0,28.1,2.68,0.892
Torino,Brescia,204.28756823184764,45.0703,7.6869,45.5416,10.2118,spring,3,11,False,False,leisure,51,66449.89443375426,0.7714001009097012,0.2220514323277825,0.8143819512104226,bus,False,True,False,0.8382549946730892,1.05,0.8303380357882202,1,18.01,2.64,0.919
Napoli,Verona,574.9982642481359,40.8518,14.2681,45.4384,10.9916,summer,4,15,False,False,leisure,39,56542.65818191688,0.95,0.2734414322523673,0.8182892348500854,bus,False,True,False,1.5509118410349125,1.25,1.1870298223759903,1,104.8,7.73,0.323
Salerno,Napoli,46.12887918330604,40.6824,14.7681,40.8518,14.2681,winter,3,22,False,False,leisure,26,56993.52653662622,0.95,0.5117912717036713,0.5748121619950454,bus,True,True,False,0.8482487948477011,0.85,1.144801309520158,0,3.61,0.88,0.913
Salerno,Bologna,508.1775127667676,40.6824,14.7681,44.4949,11.3426,winter,1,14,False,False,leisure,32,64171.16303313256,0.7833650304230144,0.2984672074771246,0.49919896545266373,bus,False,True,False,0.657392362533359,0.85,1.105221216875724,0,33.52,7.64,0.62
Pisa,Reggio Calabria,763.91751086906,43.7228,10.4017,38.1061,15.6444,winter,3,8,False,True,business,49,97988.33508960286,0.1,0.6515109217509271,0.95,bus,False,True,False,0.5171906038539688,0.85,1.0172692838685051,1,52.89,10.16,0.157
Catania,Reggio Calabria,82.80663925047362,37.5079,15.083,38.1061,15.6444,winter,1,8,False,True,leisure,54,43109.04121725366,0.8719185492543079,0.4633024376372513,0.49163985906975805,bus,False,True,False,0.5053465019626092,0.85,0.8047786767377868,1,4.18,1.38,0.856
Reggio Calabria,Milano,976.9015131518594,38.1061,15.6444,45.4642,9.19,winter,0,14,False,False,leisure,44,42888.31317965669,0.5649458746697509,0.43151934566275596,0.4965556745616405,bus,False,True,False,0.9370395321613331,0.85,1.1873237641526704,0,75.32,13.37,0.401
Cagliari,Verona,707.863215604928,39.2238,9.1217,45.4384,10.9916,spring,0,17,False,True,leisure,54,42329.735343698114,0.5355766955245107,0.5706844661475308,0.7356304610349474,bus,False,True,False,1.4774387464643668,1.05,1.1842487602514664,1,108.7,13.93,0.25
Bari,Pisa,604.7188459351565,41.1177,16.8719,43.7228,10.4017,winter,2,17,False,True,leisure,49,84487.2247608263,0.6573388244452046,0.3879272757277878,0.7282574566574596,bus,False,True,False,0.7078073075687795,0.85,0.974568635701681,0,32.97,8.03,0.636
Firenze,Milano,249.4643680963005,43.7696,11.2558,45.4642,9.19,autumn,4,8,False,True,business,45,20360.31731839303,0.3780213608238421,0.8717544742877612,0.7628474408837597,bus,False,True,False,1.357059659163846,0.95,1.1827593632062101,0,25.27,4.11,0.673
Perugia,Salerno,334.0688317641506,43.1107,12.3908,40.6824,14.7681,summer,6,14,True,False,business,52,68746.87213131663,0.2773290464362254,0.95,0.6921495410889362,bus,False,True,False,1.2538174390201198,1.25,0.8757800682759619,0,35.34,4.95,0.631
Reggio Calabria,Firenze,729.4469658878077,38.1061,15.6444,43.7696,11.2558,spring,1,11,False,False,business,31,87595.20425353076,0.11068622596192321,0.7387194381085812,0.95,bus,False,True,False,1.6935523414616866,1.05,1.054370912530348,0,94.03,9.36,0.202
Roma,Genova,400.4015602913786,41.9028,12.4964,44.4056,8.9463,summer,1,8,False,True,leisure,20,10000.0,0.8062646770351076,0.20206907569460852,0.677682340716985,bus,False,True,False,1.655479863348272,1.25,1.17783909843423,1,77.68,6.73,0.537
Brescia,Catania,980.5582658323374,45.5416,10.2118,37.5079,15.083,spring,5,11,True,False,business,43,75503.01550743658,0.1,0.9222840568857513,0.6070688470815191,bus,False,True,False,1.212267594141634,1.05,1.0399355868408104,0,109.07,13.72,0.072
Firenze,Roma,230.90767784182412,43.7696,11.2558,41.9028,12.4964,autumn,5,21,True,False,leisure,33,22254.13831035144,0.790640270723603,0.4627165503745335,0.3331080871632139,train,True,True,False,1.6366408631243001,0.95,0.8329755202302014,0,45.26,2.29,0.881
Pisa,Salerno,493.4766220554135,43.7228,10.4017,40.6824,14.7681,summer,0,17,False,True,business,40,81761.93640205957,0.22601188444409753,0.95,0.8895903774554413,bus,False,True,False,1.0697273986033562,1.25,1.120981471468677,1,76.2,7.41,0.346
Genova,Salerno,631.2688648162354,44.4056,8.9463,40.6824,14.7681,summer,3,17,False,True,leisure,30,71009.79683117654,0.7764444713779911,0.6737897159316398,0.40173569017936855,bus,False,True,False,1.257366636711026,1.25,1.1890943625842154,0,89.94,11.17,0.33
Roma,Venezia,393.6762811180453,41.9028,12.4964,45.4408,12.3155,autumn,6,22,True,False,budget,19,23201.16980675685,0.95,0.1,0.1,bus,False,True,False,1.6059141449889238,0.95,0.9662650754346215,0,39.28,5.28,0.779
Venezia,Catania,911.5757951888478,45.4408,12.3155,37.5079,15.083,summer,1,7,False,False,leisure,40,29219.435318043594,0.8623763710751732,0.39735340716608064,0.6418296203493749,bus,False,True,False,1.0878546983931483,1.25,1.0841994026466395,1,140.51,13.21,0.092
Roma,Napoli,188.4343711022584,41.9028,12.4964,40.8518,14.2681,spring,0,22,False,False,budget,30,10000.0,0.9168260244458825,0.1,0.38011163106501117,bus,True,True,False,1.218774056922122,1.05,1.1626207771130663,0,20.49,3.29,0.906
Roma,Catania,536.3805171300909,41.9028,12.4964,37.5079,15.083,summer,6,10,True,False,leisure,47,15756.124591971553,0.7987683472835176,0.3244246411307064,0.95,flight,False,False,True,1.5922314796870793,1.25,1.0600191665562795,0,250.05,3.6,0.176
Perugia,Brescia,321.07389287701164,43.1107,12.3908,45.5416,10.2118,autumn,2,15,False,False,business,48,70396.79143253171,0.14236074565613682,0.95,0.8991868752519612,bus,False,True,False,0.6729416720260738,0.95,0.8411602904414075,0,17.99,3.59,0.741
Catania,Napoli,378.39536111510535,37.5079,15.083,40.8518,14.2681,summer,5,9,True,True,leisure,46,52128.48640058744,0.719154046245348,0.45849900109346325,0.5080686161945284,bus,False,True,False,2.3967392781889094,1.25,0.9102492833859747,0,70.6,5.48,0.54
Verona,Firenze,186.7368694197564,45.4384,10.9916,43.7696,11.2558,winter,4,11,False,False,business,30,92037.48571118694,0.37108606873075933,0.8132484014753525,0.9024691449389125,bus,False,True,False,1.0644278616646414,0.85,0.9316285076148334,1,14.76,2.25,0.875
Cagliari,Bologna,614.2328335911224,39.2238,9.1217,44.4949,11.3426,spring,2,21,False,False,business,45,59522.99113149323,0.36888301408431695,0.9013440714063053,0.8700966078762303,bus,False,True,False,1.1391273628462737,1.05,1.0805612578527377,0,61.62,7.47,0.378
Pisa,Perugia,174.47430545458167,43.7228,10.4017,43.1107,12.3908,summer,1,9,False,True,leisure,55,52088.85446035447,0.7654773379222303,0.34896657015107674,0.6108069894546839,bus,False,True,False,1.2782617512745098,1.25,1.0938267828721435,0,20.44,2.64,0.917
Catania,Pisa,795.7243573823894,37.5079,15.083,43.7228,10.4017,winter,0,7,False,False,leisure,26,48165.92083361392,0.8064258528479863,0.4597943039376581,0.7197563016165547,bus,False,True,False,0.6546622478440761,0.85,0.8950081134398984,0,40.75,9.16,0.549
Milano,Perugia,365.17690448297157,45.4642,9.19,43.1107,12.3908,summer,2,10,False,False,business,33,31060.026993120373,0.3319399428066522,0.6514105962977097,0.9138825054703097,bus,False,True,False,1.084847257903504,1.25,0.852593481747731,1,39.36,5.07,0.62
Napoli,Bari,220.54328328614662,40.8518,14.2681,41.1177,16.8719,autumn,1,20,False,False,business,61,74689.36172382842,0.15862564540006296,0.8680179927666799,0.7508833238436519,train,True,True,False,0.7854547741885206,0.95,1.1387989935888267,1,38.29,2.43,0.936
Pisa,Torino,262.60434927207007,43.7228,10.4017,45.0703,7.6869,spring,0,15,False,False,budget,24,58891.359117855245,0.778694617123707,0.2561018668418576,0.3967131531615067,bus,False,True,False,1.09311047564016,1.05,0.9385530560155899,0,20.9,3.76,0.835
Roma,Milano,476.88468435616534,41.9028,12.4964,45.4642,9.19,summer,3,10,False,False,leisure,28,57659.50218792867,0.6227652733195908,0.3472557623618102,0.3729766290146582,bus,False,True,False,1.9108941310771932,1.25,1.0211910746873878,1,82.96,6.07,0.49
Salerno,Genova,631.2688648162354,40.6824,14.7681,44.4056,8.9463,spring,1,7,False,False,leisure,49,70063.87293920868,0.8842947176798092,0.35004162888663637,0.5117523327179037,bus,False,True,False,1.0423321780478843,1.05,1.0875988565883739,0,62.33,9.65,0.439
Torino,Palermo,905.3689720665883,45.0703,7.6869,38.1157,13.3613,winter,6,19,True,True,budget,28,48150.60932360678,0.95,0.250238698355729,0.14296479816765872,bus,False,True,False,1.1734539685012944,0.85,0.8317918308593246,0,66.32,14.63,0.561
Verona,Cagliari,707.863215604928,45.4384,10.9916,39.2238,9.1217,spring,3,10,False,False,budget,23,10659.938462863116,0.95,0.19196561954997576,0.38948337657358834,bus,False,True,False,0.8984160293862087,1.05,1.1528533297007086,0,60.25,11.82,0.592
Venezia,Pisa,243.84268356711726,45.4408,12.3155,43.7228,10.4017,winter,1,10,False,False,leisure,50,52217.09069979679,0.8952468044893404,0.3332242641960918,0.5387389289259203,bus,False,True,False,0.6802876068606302,0.85,0.9094237740435306,1,15.65,3.34,0.915
Cagliari,Brescia,708.1698769120402,39.2238,9.1217,45.5416,10.2118,autumn,1,14,False,False,leisure,18,25181.50971640232,0.4927587074356663,0.27142935492326015,0.6446549683889186,bus,False,True,False,0.6497585570797583,0.95,1.0517365072210034,0,43.85,9.35,0.51
Venezia,Firenze,203.883196592712,45.4408,12.3155,43.7696,11.2558,winter,0,22,False,False,budget,32,45743.33360251889,0.78594559199513,0.1,0.34048504906838684,bus,False,True,False,1.0629664051518333,0.85,0.9411002921011067,0,12.3,2.34,0.9
Perugia,Torino,434.19012515419155,43.1107,12.3908,45.0703,7.6869,spring,5,15,True,False,leisure,28,39182.78553536687,0.720517766741299,0.25987524737779977,0.6468783458276686,bus,False,True,False,1.4547498452551684,1.05,0.8344109191966587,1,54.57,6.23,0.613
Pisa,Genova,138.87451511067653,43.7228,10.4017,44.4056,8.9463,autumn,4,14,False,False,leisure,35,59213.95504819295,0.95,0.4548562360675509,0.5441904518546461,bus,False,True,False,0.8634935518380907,0.95,0.8898911241614238,0,9.23,1.74,0.855
Catania,Brescia,980.5582658323374,37.5079,15.083,45.5416,10.2118,spring,6,18,True,True,business,33,62443.82048347216,0.31786102865901555,0.8570787963154667,0.8965510538517096,bus,False,True,False,1.3170483554732422,1.05,1.1279235979153879,0,111.59,17.78,0.143
Milano,Perugia,365.17690448297157,45.4642,9.19,43.1107,12.3908,winter,0,11,False,False,budget,30,49916.33382485944,0.7932985933085726,0.1,0.44685633147292003,bus,False,True,False,0.5563771461258541,0.85,0.9592030386287637,0,18.15,4.78,0.835
Genova,Milano,119.26364173374084,44.4056,8.9463,45.4642,9.19,winter,2,15,False,False,leisure,23,42429.711484992404,0.864788530185266,0.22841849409780374,0.6379273396160152,bus,True,True,False,0.9983679353480978,0.85,0.9504781537186339,1,9.58,1.67,0.855
Venezia,Brescia,164.36070575237864,45.4408,12.3155,45.5416,10.2118,summer,1,21,False,False,budget,33,29842.315035778563,0.95,0.1,0.2871404266218442,bus,False,True,False,1.050099335823049,1.25,1.1247305334158422,0,18.3,2.6,0.942
Palermo,Venezia,819.0960162996257,38.1157,13.3613,45.4408,12.3155,autumn,0,8,False,True,leisure,24,43793.490639236006,0.95,0.2748633127545216,0.7260045657787779,bus,False,True,False,1.70052818582164,0.95,1.0338802811755161,0,87.08,11.06,0.366
Reggio Calabria,Milano,976.9015131518594,38.1061,15.6444,45.4642,9.19,autumn,3,6,False,False,leisure,53,37166.21827780667,0.6728484988340141,0.2727500573004368,0.46180648432163307,bus,False,True,False,1.2588937322981177,0.95,1.059647631445913,1,109.51,14.19,0.24
Perugia,Verona,281.7710386926179,43.1107,12.3908,45.4384,10.9916,spring,0,14,False,False,budget,32,56404.834700908694,0.95,0.12758599761795528,0.23661931412493126,bus,False,True,False,1.1255024447168014,1.05,1.1314935485745599,0,29.44,4.64,0.756
Roma,Reggio Calabria,500.0349871399832,41.9028,12.4964,38.1061,15.6444,winter,4,16,False,False,budget,18,41286.75291833066,0.9249471672532542,0.23638125872393534,0.1,bus,False,True,False,0.3862103820719436,0.85,1.0800746924240188,0,25.21,7.4,0.801
Bologna,Firenze,80.94663031227816,44.4949,11.3426,43.7696,11.2558,spring,0,9,False,True,budget,27,10000.0,0.95,0.2284256886022489,0.26336150015480464,bus,True,True,False,1.9570693481288661,1.05,1.1046823194938913,0,12.13,1.71,0.881
Napoli,Perugia,295.22521672262377,40.8518,14.2681,43.1107,12.3908,spring,5,11,True,False,leisure,27,62046.98005157164,0.7524638139061978,0.35924244015950113,0.8008228385837328,bus,False,True,False,1.0648600231835947,1.05,1.1436789873476199,0,36.12,4.31,0.776
Genova,Napoli,587.7428508695716,44.4056,8.9463,40.8518,14.2681,spring,3,6,False,False,leisure,45,55826.16865896432,0.9262540739608014,0.4278865495631296,0.603396098976255,bus,False,True,False,1.4447471496266204,1.05,1.0047880866804324,0,63.66,6.72,0.588
Salerno,Genova,631.2688648162354,40.6824,14.7681,44.4056,8.9463,summer,6,14,True,False,leisure,28,65781.90487088446,0.95,0.16238963920679222,0.9047578376032395,bus,False,True,False,1.6181168342762282,1.25,0.9371234798747469,1,121.93,8.95,0.259
Milano,Pisa,216.09499076578254,45.4642,9.19,43.7228,10.4017,winter,5,9,True,True,leisure,54,58740.815102221284,0.8919756446114993,0.5034495144038066,0.6153991293003889,bus,False,True,False,0.9554361385254684,0.85,1.1976465976583737,1,25.54,4.23,0.79
Napoli,Firenze,408.12561110051274,40.8518,14.2681,43.7696,11.2558,spring,2,18,False,True,business,44,90121.59497206022,0.33373107518772194,0.7742643572245589,0.8925556049813024,bus,False,True,False,1.95623549538558,1.05,0.8671177936818253,0,47.81,6.09,0.492
Roma,Catania,536.3805171300909,41.9028,12.4964,37.5079,15.083,autumn,1,7,False,False,business,45,63532.413896851394,0.3312773218896513,0.8520219231952709,0.5665962196791811,flight,False,False,True,0.7586244152835786,0.95,0.9398098761557448,0,109.37,2.69,0.79
Catania,Pisa,795.7243573823894,37.5079,15.083,43.7228,10.4017,winter,1,9,False,True,budget,32,45939.70858335035,0.95,0.1,0.3296987137900593,bus,False,True,False,0.8174148190499362,0.85,1.017753879089663,1,67.4,12.12,0.534
Catania,Roma,536.3805171300909,37.5079,15.083,41.9028,12.4964,summer,6,21,True,False,budget,18,51995.816961320816,0.95,0.2307406636527625,0.28227490027799873,flight,False,False,True,2.5230820831611527,1.25,1.0270680394213603,1,498.23,2.74,0.089
Salerno,Genova,631.2688648162354,40.6824,14.7681,44.4056,8.9463,autumn,6,18,True,True,leisure,29,44309.728668975695,0.6128814069075602,0.3819439392336782,0.6112363981857388,bus,False,True,False,1.3652774367816318,0.95,0.8368925788675914,1,73.13,9.59,0.419
Roma,Firenze,230.90767784182412,41.9028,12.4964,43.7696,11.2558,autumn,4,20,False,False,leisure,41,61586.165111829396,0.6417961384321313,0.5427426590404454,0.47910492907019164,bus,True,True,False,1.349090680173583,0.95,0.9060458524339711,0,18.99,3.34,0.849
Napoli,Venezia,534.2505044970145,40.8518,14.2681,45.4408,12.3155,summer,0,9,False,True,leisure,53,87858.53271123326,0.95,0.38390166987023727,0.4891423793449623,bus,False,True,False,2.5207667759082453,1.25,0.9445209984139443,0,83.04,7.37,0.467
Roma,Pisa,264.83980051455734,41.9028,12.4964,43.7228,10.4017,winter,3,16,False,False,leisure,18,76667.87910736771,0.927639807941258,0.3029346893081158,0.8561485295554095,bus,False,True,False,0.6536956114767064,0.85,0.8729576693541665,1,17.09,3.85,0.806
Pisa,Salerno,493.4766220554135,43.7228,10.4017,40.6824,14.7681,summer,3,18,False,True,leisure,44,27766.568663578313,0.929877781858709,0.5951951679370336,0.6615132107369361,bus,False,True,False,1.1711479711308899,1.25,1.106928132742055,0,59.28,9.07,0.467
Palermo,Catania,165.6559438162306,38.1157,13.3613,37.5079,15.083,winter,4,9,False,True,business,36,91347.67948924022,0.17936292000524537,0.8265036856329422,0.95,bus,False,True,False,0.6093654281173805,0.85,1.059211895891232,1,11.26,2.97,0.781
Palermo,Napoli,314.03026678690725,38.1157,13.3613,40.8518,14.2681,spring,3,15,False,False,leisure,57,51402.55810235239,0.6994705761984562,0.37007559797160927,0.42085750032651875,bus,False,True,False,1.3621301595399526,1.05,1.030386113099929,1,43.48,3.85,0.741
Genova,Roma,400.4015602913786,44.4056,8.9463,41.9028,12.4964,spring,2,13,False,False,leisure,43,56257.48128251516,0.8318701062692878,0.2691857019909041,0.5168678247535674,bus,False,True,False,1.5641248691422807,1.05,1.0864828662011512,0,42.49,5.61,0.675
Roma,Pisa,264.83980051455734,41.9028,12.4964,43.7228,10.4017,summer,4,22,False,False,leisure,32,63990.2207616963,0.8306338152329864,0.7209026858998608,0.7491298011250587,bus,False,True,False,1.355441735949724,1.25,0.8124257049026196,0,23.96,3.1,0.862
Torino,Venezia,364.5875038455494,45.0703,7.6869,45.4408,12.3155,spring,0,11,False,False,business,60,21335.06082346756,0.1,0.8594028324424741,0.6144960499378258,bus,False,True,False,1.8075360949078398,1.05,1.1356560599530525,0,51.7,6.01,0.491
